<?xml version="1.0" encoding="UTF-8"?>
<project xmlns="http://maven.apache.org/POM/4.0.0" xmlns:xsi="http://www.w3.org/2001/XMLSchema-instance" xsi:schemaLocation="http://maven.apache.org/POM/4.0.0 http://maven.apache.org/maven-v4_0_0.xsd">
  <modelVersion>4.0.0</modelVersion>
  <groupId>org.app</groupId>
  <artifactId>Stegonagraphy</artifactId>
  <version>1.0-SNAPSHOT</version>
  <build>
    <plugins>
      <plugin>
        <artifactId>maven-shade-plugin</artifactId>
        <version>3.6.0</version>
        <executions>
          <execution>
            <phase>package</phase>
            <goals>
              <goal>shade</goal>
            </goals>
            <configuration>
              <relocations>
                <relocation>
                  <pattern>javafx.*</pattern>
                  <shadedPattern>shaded.javafx.*</shadedPattern>
                </relocation>
              </relocations>
            </configuration>
          </execution>
        </executions>
      </plugin>
      <plugin>
        <groupId>org.openjfx</groupId>
        <artifactId>javafx-maven-plugin</artifactId>
        <version>0.0.8</version>
        <executions>
          <execution>
            <goals>
              <goal>run</goal>
            </goals>
          </execution>
        </executions>
        <configuration>
          <mainClass>${mainClass}</mainClass>
        </configuration>
      </plugin>
      <plugin>
        <artifactId>maven-javadoc-plugin</artifactId>
        <version>3.11.2</version>
        <configuration>
          <encoding>UTF-8</encoding>
          <locale>en</locale>
          <doclint>none</doclint>
          <show>public</show>
        </configuration>
      </plugin>
    </plugins>
  </build>
  <profiles>
    <profile>
      <id>javafx-linux</id>
      <properties>
        <javafx.platform>linux</javafx.platform>
      </properties>
    </profile>
    <profile>
      <id>javafx-windows</id>
      <properties>
        <javafx.platform>win</javafx.platform>
      </properties>
    </profile>
    <profile>
      <id>javafx-macos</id>
      <properties>
        <javafx.platform>mac</javafx.platform>
      </properties>
    </profile>
  </profiles>
  <dependencies>
    <dependency>
      <groupId>org.mockito</groupId>
      <artifactId>mockito-core</artifactId>
      <version>5.14.2</version>
      <scope>test</scope>
      <exclusions>
        <exclusion>
          <artifactId>byte-buddy</artifactId>
          <groupId>net.bytebuddy</groupId>
        </exclusion>
        <exclusion>
          <artifactId>byte-buddy-agent</artifactId>
          <groupId>net.bytebuddy</groupId>
        </exclusion>
        <exclusion>
          <artifactId>objenesis</artifactId>
          <groupId>org.objenesis</groupId>
        </exclusion>
      </exclusions>
    </dependency>
  </dependencies>
  <properties>
    <maven.compiler.target>23</maven.compiler.target>
    <mainClass>org.app.SteganographyApp</mainClass>
    <maven.compiler.source>23</maven.compiler.source>
    <project.build.sourceEncoding>UTF-8</project.build.sourceEncoding>
    <javafx.version>23.0.1</javafx.version>
    <project.reporting.outputEncoding>UTF-8</project.reporting.outputEncoding>
  </properties>
</project>
